valor,hora,localizacao,tipo_conta,chave_pix,chave_historico_fraude,cliente_tem_historico_madrugada,flag_madrugada_incomum,flag_fraude_comportamental,fraude
1690.64,16,SP,salário,user2505@email.com,True,False,False,False,1
1847.44,14,RJ,corrente,user2505@email.com,True,True,False,True,1
2898.0,8,RJ,salário,99638194710,True,False,False,False,1
502.76,1,MG,corrente,55522120872,True,True,True,True,1
1341.89,19,SP,poupança,user2505@email.com,False,False,False,False,0
262.03,22,RJ,poupança,user2505@email.com,False,True,False,True,0
245.57,2,BA,poupança,86281025445,True,True,True,True,1
2889.55,4,PR,poupança,+5511941273847,False,False,True,True,1
620.17,17,PR,corrente,99638194710,False,True,False,True,0
843.35,11,RS,salário,99638194710,False,True,False,True,0
2358.43,20,RJ,salário,55522120872,False,False,False,False,1
797.49,14,RS,salário,55522120872,False,True,False,True,0
1205.57,2,MG,corrente,user2505@email.com,True,False,True,True,1
625.83,12,MG,corrente,99638194710,False,False,False,False,0
1400.61,11,MG,poupança,55522120872,False,False,False,False,0
1964.91,13,MG,corrente,99638194710,True,True,False,True,1
2723.75,0,BA,poupança,user2505@email.com,True,False,True,True,1
789.66,9,SP,salário,86281025445,True,True,False,True,1
2811.71,14,RS,salário,55522120872,True,False,False,False,1
304.31,7,RS,poupança,55522120872,False,False,False,False,0
2697.08,9,RS,salário,55522120872,True,True,False,True,1
1988.61,2,BA,salário,86281025445,False,False,True,True,1
82.24,17,SP,corrente,+5511941273847,True,False,False,False,1
2605.52,22,BA,salário,user2505@email.com,True,True,False,True,1
2856.46,10,RS,corrente,user2505@email.com,True,False,False,False,1
2680.06,13,MG,poupança,86281025445,True,True,False,True,1
742.47,1,RS,corrente,user2505@email.com,True,True,True,True,1
2579.24,3,RJ,poupança,55522120872,False,False,True,True,1
204.96,19,RS,corrente,99638194710,True,False,False,False,1
2876.75,21,MG,corrente,55522120872,True,False,False,False,1
296.4,10,MG,salário,55522120872,True,False,False,False,1
1260.53,4,RJ,salário,+5511941273847,True,True,True,True,1
2781.2,20,BA,poupança,+5511941273847,True,False,False,False,1
657.52,21,MG,corrente,99638194710,True,True,False,True,1
886.15,23,RS,poupança,86281025445,False,False,False,False,0
2548.45,9,SP,corrente,user2505@email.com,False,True,False,True,1
1466.89,16,RJ,corrente,55522120872,True,True,False,True,1
2054.3,0,MG,poupança,99638194710,False,True,True,True,1
1851.41,17,PR,corrente,+5511941273847,False,False,False,False,0
2704.43,0,SP,salário,99638194710,False,True,True,True,1
2133.53,11,RJ,corrente,55522120872,True,False,False,False,1
11.53,10,MG,salário,55522120872,True,False,False,False,1
2010.02,3,SP,corrente,+5511941273847,True,True,True,True,1
112.61,18,PR,poupança,86281025445,False,True,False,True,0
1067.36,3,MG,corrente,99638194710,True,True,True,True,1
2963.94,22,MG,poupança,55522120872,True,False,False,False,1
608.17,11,PR,corrente,user2505@email.com,False,False,False,False,0
18.57,23,RS,salário,99638194710,False,True,False,True,0
1940.23,5,PR,poupança,99638194710,False,False,True,True,1
2093.63,20,BA,corrente,86281025445,False,True,False,True,1
372.05,18,RS,salário,+5511941273847,False,False,False,False,0
1483.47,8,SP,corrente,+5511941273847,False,True,False,True,0
1486.18,14,BA,corrente,55522120872,False,False,False,False,0
815.11,7,BA,corrente,user2505@email.com,False,True,False,True,0
1313.72,4,PR,poupança,55522120872,False,False,True,True,1
1343.81,10,RS,salário,99638194710,True,True,False,True,1
1054.9,18,PR,poupança,86281025445,True,True,False,True,1
1315.04,14,RS,corrente,86281025445,True,True,False,True,1
979.84,12,RJ,corrente,86281025445,False,False,False,False,0
2563.13,20,RS,poupança,+5511941273847,True,False,False,False,1
2436.31,1,SP,salário,user2505@email.com,False,True,True,True,1
2629.4,21,RS,poupança,55522120872,True,False,False,False,1
1332.57,17,PR,corrente,86281025445,False,True,False,True,0
1997.12,4,MG,salário,86281025445,False,True,True,True,1
2228.08,16,BA,corrente,+5511941273847,False,False,False,False,1
2722.52,18,PR,poupança,99638194710,True,False,False,False,1
2877.75,6,SP,poupança,86281025445,False,False,True,True,1
1626.18,11,RJ,salário,+5511941273847,True,True,False,True,1
905.24,6,BA,corrente,user2505@email.com,True,True,True,True,1
1107.36,11,SP,poupança,+5511941273847,True,False,False,False,1
968.1,6,RS,corrente,86281025445,True,False,True,True,1
1585.17,1,SP,poupança,99638194710,False,False,True,True,1
1757.77,13,MG,salário,99638194710,True,False,False,False,1
1873.67,20,SP,salário,99638194710,False,False,False,False,0
2066.13,23,PR,salário,55522120872,False,False,False,False,1
1304.62,12,MG,corrente,+5511941273847,True,True,False,True,1
773.9,6,MG,poupança,user2505@email.com,False,False,True,True,1
1826.34,16,RJ,salário,99638194710,True,True,False,True,1
986.07,5,PR,poupança,55522120872,False,False,True,True,1
2635.04,13,PR,corrente,55522120872,True,False,False,False,1
2041.27,5,PR,poupança,+5511941273847,False,True,True,True,1
2516.68,20,RJ,salário,+5511941273847,True,False,False,False,1
2202.75,0,PR,corrente,+5511941273847,False,True,True,True,1
2622.89,3,BA,poupança,user2505@email.com,False,True,True,True,1
2310.11,9,MG,poupança,55522120872,False,False,False,False,1
2282.92,12,RS,salário,86281025445,False,True,False,True,1
626.93,21,RS,salário,99638194710,True,False,False,False,1
2238.44,3,RJ,poupança,user2505@email.com,False,False,True,True,1
820.22,7,RS,poupança,55522120872,False,False,False,False,0
2849.21,16,BA,corrente,+5511941273847,False,True,False,True,1
1943.49,2,MG,poupança,55522120872,True,True,True,True,1
750.69,22,PR,corrente,55522120872,False,True,False,True,0
332.6,17,PR,corrente,+5511941273847,False,False,False,False,0
1063.58,0,BA,salário,86281025445,True,False,True,True,1
2430.53,5,MG,corrente,55522120872,True,True,True,True,1
1919.65,11,RS,poupança,86281025445,True,False,False,False,1
71.35,9,BA,poupança,+5511941273847,True,False,False,False,1
911.94,13,PR,corrente,55522120872,True,True,False,True,1
1297.6,18,BA,poupança,+5511941273847,True,False,False,False,1
2631.15,11,RJ,poupança,55522120872,True,True,False,True,1
763.88,14,SP,poupança,user2505@email.com,True,False,False,False,1
380.74,8,RS,corrente,99638194710,True,False,False,False,1
2910.61,12,BA,salário,55522120872,True,True,False,True,1
2548.32,23,RS,salário,+5511941273847,False,False,False,False,1
522.59,23,RJ,poupança,86281025445,True,False,False,False,1
2753.12,9,PR,corrente,55522120872,False,True,False,True,1
417.49,23,PR,corrente,55522120872,True,True,False,True,1
2506.56,19,RS,corrente,user2505@email.com,True,True,False,True,1
1543.21,14,SP,salário,+5511941273847,False,False,False,False,0
1834.62,20,RS,salário,86281025445,True,False,False,False,1
2732.44,1,RJ,salário,99638194710,False,False,True,True,1
97.25,23,RS,corrente,86281025445,False,False,False,False,0
179.32,12,SP,poupança,99638194710,False,False,False,False,0
2889.29,22,PR,corrente,99638194710,True,True,False,True,1
408.18,21,PR,corrente,86281025445,False,True,False,True,0
1726.6,21,BA,poupança,86281025445,True,True,False,True,1
828.48,3,RJ,salário,99638194710,True,True,True,True,1
2967.61,13,PR,corrente,user2505@email.com,False,True,False,True,1
2755.61,20,RS,corrente,99638194710,False,True,False,True,1
1838.11,10,RJ,corrente,user2505@email.com,True,False,False,False,1
180.66,21,RS,poupança,+5511941273847,True,True,False,True,1
2424.15,22,RJ,corrente,99638194710,False,False,False,False,1
1464.29,7,RS,poupança,55522120872,True,False,False,False,1
2023.29,8,RJ,salário,99638194710,False,True,False,True,1
2255.52,7,MG,poupança,user2505@email.com,False,False,False,False,1
1218.44,4,RJ,corrente,55522120872,True,False,True,True,1
2297.24,0,SP,corrente,+5511941273847,True,False,True,True,1
227.76,20,RJ,corrente,user2505@email.com,True,False,False,False,1
1294.25,6,SP,corrente,86281025445,True,True,True,True,1
1226.55,11,RJ,corrente,99638194710,True,False,False,False,1
1894.49,0,MG,poupança,55522120872,True,True,True,True,1
593.41,18,MG,corrente,+5511941273847,False,True,False,True,0
483.95,1,SP,corrente,99638194710,False,False,True,True,1
1317.08,18,PR,salário,86281025445,True,False,False,False,1
1180.67,4,RJ,salário,+5511941273847,False,True,True,True,1
2146.83,20,SP,salário,99638194710,True,False,False,False,1
2853.39,18,RJ,poupança,+5511941273847,False,False,False,False,1
897.44,6,SP,corrente,86281025445,True,False,True,True,1
2984.47,20,RS,poupança,86281025445,True,False,False,False,1
494.09,5,RS,corrente,+5511941273847,True,False,True,True,1
2502.58,15,SP,salário,55522120872,True,False,False,False,1
2023.18,0,BA,salário,user2505@email.com,True,False,True,True,1
413.66,18,MG,poupança,55522120872,True,False,False,False,1
2130.28,18,RS,salário,+5511941273847,False,False,False,False,1
1848.44,16,BA,corrente,user2505@email.com,True,False,False,False,1
2134.88,16,RJ,poupança,user2505@email.com,False,False,False,False,1
2445.07,10,MG,poupança,55522120872,False,True,False,True,1
525.84,21,MG,corrente,55522120872,False,False,False,False,0
1240.36,11,PR,corrente,99638194710,False,True,False,True,0
779.16,19,MG,salário,+5511941273847,False,True,False,True,0
1250.37,9,SP,salário,86281025445,True,True,False,True,1
2054.85,11,SP,corrente,86281025445,True,False,False,False,1
690.95,4,MG,poupança,+5511941273847,True,True,True,True,1
2937.86,6,BA,corrente,86281025445,False,True,True,True,1
721.89,1,RS,salário,+5511941273847,False,True,True,True,1
1454.99,20,MG,corrente,+5511941273847,False,False,False,False,0
2486.24,15,BA,corrente,55522120872,True,True,False,True,1
2806.76,9,PR,corrente,86281025445,False,True,False,True,1
19.52,14,RJ,poupança,99638194710,False,True,False,True,0
2801.64,21,RS,poupança,user2505@email.com,True,False,False,False,1
2743.66,12,BA,salário,55522120872,True,False,False,False,1
854.81,16,BA,salário,user2505@email.com,False,True,False,True,0
268.98,23,PR,poupança,user2505@email.com,True,True,False,True,1
1400.55,21,PR,corrente,99638194710,True,False,False,False,1
2003.19,13,MG,salário,+5511941273847,True,True,False,True,1
244.56,15,SP,corrente,86281025445,True,False,False,False,1
310.6,21,RJ,corrente,99638194710,True,False,False,False,1
961.39,3,BA,poupança,99638194710,True,True,True,True,1
2648.65,20,RJ,corrente,55522120872,False,True,False,True,1
1412.33,14,SP,corrente,+5511941273847,False,False,False,False,0
1693.0,21,RS,poupança,user2505@email.com,True,False,False,False,1
1895.53,21,SP,poupança,86281025445,False,True,False,True,0
2071.27,19,RS,corrente,99638194710,True,True,False,True,1
1039.58,2,MG,salário,+5511941273847,False,False,True,True,1
2993.91,19,BA,salário,55522120872,False,False,False,False,1
2538.35,16,RS,poupança,user2505@email.com,False,False,False,False,1
2071.36,23,BA,corrente,+5511941273847,False,True,False,True,1
2607.77,4,BA,salário,86281025445,True,True,True,True,1
2498.94,13,PR,salário,86281025445,True,True,False,True,1
347.04,2,PR,corrente,+5511941273847,False,False,True,True,1
1804.27,2,RJ,salário,55522120872,False,False,True,True,1
2696.34,6,RS,corrente,+5511941273847,True,True,True,True,1
1260.84,11,RS,poupança,86281025445,True,False,False,False,1
2125.91,6,MG,corrente,user2505@email.com,False,True,True,True,1
154.65,3,BA,corrente,+5511941273847,False,True,True,True,1
2518.22,13,RJ,corrente,55522120872,True,True,False,True,1
1063.59,15,SP,poupança,+5511941273847,True,False,False,False,1
780.94,1,SP,corrente,+5511941273847,False,False,True,True,1
2178.37,20,RJ,poupança,55522120872,True,True,False,True,1
1313.3,20,PR,salário,user2505@email.com,True,True,False,True,1
1524.56,4,PR,corrente,99638194710,False,False,True,True,1
2691.59,21,RJ,poupança,user2505@email.com,True,True,False,True,1
2170.85,23,MG,salário,55522120872,False,False,False,False,1
114.54,2,PR,poupança,+5511941273847,True,False,True,True,1
2987.68,2,PR,salário,user2505@email.com,True,True,True,True,1
1692.86,18,RJ,corrente,86281025445,True,False,False,False,1
2399.16,14,RS,corrente,55522120872,True,False,False,False,1
1165.22,15,PR,poupança,55522120872,False,False,False,False,0
2661.06,14,MG,salário,user2505@email.com,False,False,False,False,1
2265.1,3,RS,corrente,55522120872,False,True,True,True,1
863.49,7,MG,poupança,+5511941273847,True,True,False,True,1
1613.17,7,BA,salário,55522120872,True,False,False,False,1
514.76,0,RJ,poupança,55522120872,False,False,True,True,1
2202.76,14,MG,poupança,55522120872,True,True,False,True,1
243.1,15,PR,salário,55522120872,True,False,False,False,1
184.79,0,MG,corrente,user2505@email.com,True,True,True,True,1
2846.64,17,MG,corrente,+5511941273847,False,False,False,False,1
1319.3,8,BA,corrente,user2505@email.com,True,False,False,False,1
315.87,3,RJ,salário,99638194710,True,False,True,True,1
26.17,13,BA,poupança,+5511941273847,True,True,False,True,1
1023.98,22,MG,poupança,+5511941273847,True,False,False,False,1
292.37,23,MG,salário,99638194710,False,False,False,False,0
467.82,5,PR,corrente,+5511941273847,True,False,True,True,1
409.77,16,PR,salário,+5511941273847,False,True,False,True,0
2342.0,21,MG,salário,user2505@email.com,True,True,False,True,1
2672.8,21,MG,corrente,55522120872,True,False,False,False,1
2411.65,22,MG,corrente,55522120872,True,True,False,True,1
414.71,17,PR,poupança,user2505@email.com,True,True,False,True,1
49.58,8,RJ,poupança,+5511941273847,False,False,False,False,0
646.6,5,RS,salário,55522120872,True,True,True,True,1
196.09,20,BA,corrente,86281025445,True,True,False,True,1
752.7,6,PR,corrente,user2505@email.com,True,True,True,True,1
439.18,11,PR,corrente,99638194710,False,False,False,False,0
317.76,0,PR,poupança,+5511941273847,False,False,True,True,1
1816.04,22,BA,poupança,user2505@email.com,True,True,False,True,1
2614.75,10,PR,poupança,86281025445,True,False,False,False,1
1293.64,6,RS,poupança,55522120872,False,True,True,True,1
1603.05,9,RJ,salário,55522120872,True,True,False,True,1
2003.44,9,BA,poupança,+5511941273847,True,False,False,False,1
2568.8,20,SP,corrente,86281025445,False,False,False,False,1
2538.54,11,RJ,corrente,55522120872,True,False,False,False,1
2509.69,1,RS,corrente,55522120872,True,False,True,True,1
907.01,18,BA,poupança,user2505@email.com,True,False,False,False,1
2278.96,15,PR,salário,99638194710,True,False,False,False,1
1052.4,16,RJ,poupança,user2505@email.com,True,False,False,False,1
2582.0,23,PR,poupança,55522120872,False,False,False,False,1
715.49,19,SP,corrente,55522120872,True,True,False,True,1
2406.08,22,BA,salário,55522120872,True,True,False,True,1
2582.77,15,SP,corrente,55522120872,True,True,False,True,1
2038.23,16,RS,poupança,+5511941273847,True,True,False,True,1
1997.96,13,SP,corrente,55522120872,True,False,False,False,1
747.97,7,SP,corrente,86281025445,False,False,False,False,0
2199.8,7,SP,poupança,99638194710,True,False,False,False,1
655.41,23,RS,salário,user2505@email.com,False,False,False,False,0
843.33,12,RS,corrente,+5511941273847,False,True,False,True,0
1547.55,2,PR,poupança,user2505@email.com,True,True,True,True,1
1991.07,17,RS,corrente,55522120872,True,True,False,True,1
2336.74,8,MG,poupança,86281025445,True,True,False,True,1
1412.97,12,PR,corrente,55522120872,False,True,False,True,0
954.36,18,SP,salário,99638194710,True,False,False,False,1
1087.36,4,MG,poupança,user2505@email.com,True,False,True,True,1
2145.54,7,MG,poupança,user2505@email.com,True,True,False,True,1
1887.2,8,BA,corrente,user2505@email.com,False,False,False,False,0
1688.6,23,PR,salário,+5511941273847,True,False,False,False,1
1670.15,14,BA,poupança,55522120872,False,True,False,True,0
2887.9,10,RS,corrente,55522120872,True,False,False,False,1
479.86,7,RJ,poupança,+5511941273847,False,True,False,True,0
65.7,8,RJ,corrente,user2505@email.com,False,False,False,False,0
1510.69,13,MG,corrente,user2505@email.com,True,True,False,True,1
2627.18,20,PR,salário,user2505@email.com,True,False,False,False,1
1768.69,4,BA,corrente,55522120872,True,False,True,True,1
115.2,6,RJ,salário,99638194710,True,True,True,True,1
2935.4,22,SP,corrente,86281025445,False,True,False,True,1
743.2,0,PR,corrente,86281025445,False,True,True,True,1
2784.44,23,MG,corrente,99638194710,True,True,False,True,1
1166.77,22,MG,salário,86281025445,True,False,False,False,1
862.71,23,SP,poupança,user2505@email.com,True,True,False,True,1
2712.65,16,RJ,corrente,user2505@email.com,True,False,False,False,1
2584.65,0,RS,salário,+5511941273847,False,False,True,True,1
1616.72,1,BA,corrente,user2505@email.com,True,False,True,True,1
464.65,0,MG,poupança,99638194710,True,True,True,True,1
905.83,16,PR,salário,86281025445,False,True,False,True,0
176.4,18,SP,salário,+5511941273847,False,False,False,False,0
1656.57,2,MG,salário,86281025445,True,True,True,True,1
771.52,15,SP,corrente,55522120872,False,True,False,True,0
795.23,0,SP,poupança,99638194710,True,False,True,True,1
1448.8,9,RS,poupança,99638194710,False,False,False,False,0
1454.28,15,PR,poupança,+5511941273847,False,True,False,True,0
1936.85,11,PR,salário,86281025445,True,False,False,False,1
2846.5,17,PR,poupança,99638194710,True,False,False,False,1
2037.17,9,PR,corrente,user2505@email.com,False,False,False,False,1
275.07,4,PR,corrente,99638194710,True,False,True,True,1
2318.06,15,SP,poupança,+5511941273847,True,False,False,False,1
1960.48,20,RS,salário,99638194710,False,True,False,True,0
2121.62,2,RS,poupança,55522120872,False,True,True,True,1
100.27,10,MG,poupança,55522120872,False,False,False,False,0
2065.96,17,RJ,corrente,+5511941273847,True,False,False,False,1
2607.31,18,BA,salário,user2505@email.com,True,False,False,False,1
619.66,12,PR,salário,+5511941273847,False,False,False,False,0
784.4,8,BA,corrente,user2505@email.com,False,True,False,True,0
1234.37,5,MG,salário,99638194710,False,False,True,True,1
826.27,3,RS,salário,user2505@email.com,False,False,True,True,1
874.47,7,RS,corrente,86281025445,True,True,False,True,1
1999.51,16,BA,corrente,99638194710,False,False,False,False,0
300.06,8,MG,corrente,55522120872,True,False,False,False,1
1722.89,16,PR,corrente,86281025445,False,True,False,True,0
1532.2,23,RS,corrente,99638194710,True,True,False,True,1
1289.71,11,SP,poupança,+5511941273847,True,False,False,False,1
300.7,6,SP,poupança,86281025445,True,False,True,True,1
143.97,18,RJ,salário,86281025445,True,False,False,False,1
1902.3,13,SP,poupança,99638194710,False,False,False,False,0
1353.75,9,SP,poupança,+5511941273847,False,False,False,False,0
1026.11,11,RS,salário,+5511941273847,False,False,False,False,0
1403.84,17,SP,corrente,99638194710,False,False,False,False,0
1932.39,1,RJ,poupança,86281025445,True,False,True,True,1
2874.25,22,RS,salário,55522120872,True,False,False,False,1
1881.32,15,RJ,corrente,+5511941273847,True,True,False,True,1
1519.85,16,MG,corrente,99638194710,True,False,False,False,1
1636.26,13,SP,salário,86281025445,False,True,False,True,0
567.16,8,PR,corrente,55522120872,False,False,False,False,0
1466.3,11,PR,poupança,99638194710,True,False,False,False,1
2953.61,6,RS,salário,user2505@email.com,False,False,True,True,1
1078.29,17,RJ,poupança,55522120872,True,True,False,True,1
561.14,20,RS,poupança,+5511941273847,True,False,False,False,1
414.99,8,RS,salário,55522120872,True,True,False,True,1
850.67,18,RJ,corrente,86281025445,True,False,False,False,1
411.57,9,BA,salário,+5511941273847,False,False,False,False,0
1359.95,4,PR,poupança,86281025445,True,False,True,True,1
890.7,4,SP,corrente,user2505@email.com,True,False,True,True,1
426.1,3,RJ,corrente,86281025445,False,True,True,True,1
2624.87,21,PR,corrente,55522120872,True,True,False,True,1
2999.25,19,BA,salário,99638194710,False,True,False,True,1
1394.46,4,RJ,salário,55522120872,False,False,True,True,1
2015.3,18,SP,salário,86281025445,True,False,False,False,1
1350.26,0,RS,poupança,+5511941273847,True,True,True,True,1
1279.31,17,RJ,poupança,user2505@email.com,True,True,False,True,1
1971.49,12,BA,salário,55522120872,True,False,False,False,1
349.71,9,RJ,salário,user2505@email.com,False,False,False,False,0
2173.44,0,BA,poupança,86281025445,True,False,True,True,1
1542.57,4,RJ,poupança,+5511941273847,False,True,True,True,1
1677.11,11,RS,corrente,+5511941273847,True,True,False,True,1
1893.75,17,RJ,poupança,user2505@email.com,True,False,False,False,1
745.95,18,MG,poupança,86281025445,False,True,False,True,0
1797.84,6,BA,poupança,99638194710,True,True,True,True,1
2365.26,11,BA,corrente,+5511941273847,False,True,False,True,1
938.9,11,RJ,corrente,user2505@email.com,False,True,False,True,0
1188.5,14,SP,salário,user2505@email.com,True,True,False,True,1
1188.04,2,SP,salário,user2505@email.com,True,False,True,True,1
1784.61,8,BA,salário,user2505@email.com,False,False,False,False,0
1922.65,16,PR,corrente,user2505@email.com,False,False,False,False,0
2199.44,22,MG,poupança,user2505@email.com,False,True,False,True,1
2964.98,15,RJ,corrente,55522120872,False,False,False,False,1
1150.12,18,SP,salário,+5511941273847,True,False,False,False,1
2471.24,17,BA,salário,+5511941273847,False,True,False,True,1
1279.65,21,PR,corrente,99638194710,False,True,False,True,0
854.94,2,MG,corrente,user2505@email.com,True,True,True,True,1
2876.88,20,SP,salário,99638194710,False,True,False,True,1
2009.61,13,SP,salário,86281025445,False,True,False,True,1
1723.37,13,PR,poupança,55522120872,True,True,False,True,1
1990.57,16,PR,poupança,86281025445,True,True,False,True,1
2667.55,17,RS,salário,user2505@email.com,True,False,False,False,1
2424.61,3,PR,poupança,55522120872,False,True,True,True,1
504.53,13,RJ,salário,+5511941273847,True,False,False,False,1
2879.54,7,BA,poupança,55522120872,False,True,False,True,1
2315.14,1,MG,poupança,99638194710,False,True,True,True,1
640.62,13,SP,corrente,+5511941273847,False,True,False,True,0
467.98,4,MG,poupança,55522120872,False,False,True,True,1
2543.12,21,RS,salário,user2505@email.com,False,True,False,True,1
974.21,15,RJ,poupança,55522120872,True,False,False,False,1
664.58,9,SP,corrente,55522120872,True,False,False,False,1
2247.9,11,SP,salário,user2505@email.com,True,True,False,True,1
817.42,10,PR,corrente,86281025445,True,True,False,True,1
2068.28,6,BA,corrente,99638194710,True,False,True,True,1
2598.08,8,RJ,corrente,55522120872,True,False,False,False,1
728.29,19,RJ,corrente,+5511941273847,False,False,False,False,0
1685.32,0,MG,poupança,55522120872,False,False,True,True,1
2255.02,23,PR,salário,86281025445,False,False,False,False,1
1943.16,4,PR,corrente,+5511941273847,True,False,True,True,1
1606.74,15,RS,poupança,+5511941273847,True,True,False,True,1
126.92,13,SP,corrente,55522120872,False,False,False,False,0
2026.65,1,PR,poupança,99638194710,False,True,True,True,1
144.77,16,RS,poupança,55522120872,True,True,False,True,1
2868.99,18,RS,salário,55522120872,False,True,False,True,1
2309.99,17,SP,salário,99638194710,False,True,False,True,1
853.25,8,PR,poupança,99638194710,True,False,False,False,1
2905.31,11,BA,corrente,+5511941273847,True,False,False,False,1
1489.76,23,PR,poupança,+5511941273847,False,True,False,True,0
1499.91,21,SP,poupança,user2505@email.com,True,False,False,False,1
974.69,2,BA,poupança,99638194710,False,False,True,True,1
2490.96,3,MG,poupança,user2505@email.com,True,False,True,True,1
2982.21,4,RS,corrente,+5511941273847,False,False,True,True,1
2057.06,3,RJ,corrente,99638194710,True,False,True,True,1
1156.43,16,BA,corrente,99638194710,False,False,False,False,0
640.6,9,BA,poupança,+5511941273847,True,False,False,False,1
363.36,9,SP,salário,user2505@email.com,True,False,False,False,1
1582.78,21,SP,salário,55522120872,True,True,False,True,1
2482.8,23,SP,poupança,user2505@email.com,True,True,False,True,1
1159.2,1,PR,poupança,55522120872,False,False,True,True,1
2210.22,19,RS,salário,99638194710,False,True,False,True,1
758.26,18,RS,salário,86281025445,False,False,False,False,0
2604.52,6,RS,salário,99638194710,False,True,True,True,1
914.28,17,BA,corrente,55522120872,True,True,False,True,1
2233.69,12,PR,poupança,+5511941273847,False,False,False,False,1
1428.09,0,BA,salário,+5511941273847,True,False,True,True,1
715.56,5,MG,salário,user2505@email.com,False,True,True,True,1
722.08,13,SP,salário,99638194710,True,True,False,True,1
284.61,15,MG,salário,user2505@email.com,True,False,False,False,1
796.48,21,PR,salário,86281025445,True,True,False,True,1
1363.61,16,RJ,poupança,55522120872,False,False,False,False,0
2305.55,22,MG,corrente,99638194710,False,False,False,False,1
781.46,0,MG,poupança,user2505@email.com,True,False,True,True,1
2655.11,4,SP,poupança,user2505@email.com,True,True,True,True,1
300.61,14,PR,corrente,55522120872,False,False,False,False,0
1426.94,8,RS,corrente,user2505@email.com,False,True,False,True,0
481.79,19,SP,corrente,user2505@email.com,False,False,False,False,0
1374.98,5,PR,poupança,99638194710,False,False,True,True,1
2257.08,7,PR,corrente,55522120872,False,True,False,True,1
1227.12,4,PR,salário,+5511941273847,True,True,True,True,1
511.75,6,MG,salário,99638194710,True,True,True,True,1
1833.87,21,BA,salário,user2505@email.com,False,False,False,False,0
1091.33,17,RS,poupança,55522120872,True,True,False,True,1
1027.5,21,BA,salário,user2505@email.com,False,True,False,True,0
2869.31,23,MG,poupança,86281025445,False,True,False,True,1
2784.32,17,RS,salário,+5511941273847,False,False,False,False,1
989.26,16,MG,corrente,user2505@email.com,False,True,False,True,0
983.44,5,RS,poupança,55522120872,False,True,True,True,1
1811.58,3,SP,poupança,user2505@email.com,True,False,True,True,1
2741.23,0,PR,salário,55522120872,True,False,True,True,1
1814.97,22,RJ,poupança,user2505@email.com,False,False,False,False,0
192.43,14,MG,salário,user2505@email.com,True,False,False,False,1
1493.87,19,RS,poupança,99638194710,False,False,False,False,0
1363.18,7,MG,salário,55522120872,True,False,False,False,1
1288.51,10,PR,salário,55522120872,True,False,False,False,1
2363.59,8,PR,poupança,+5511941273847,True,True,False,True,1
248.26,10,PR,salário,99638194710,False,True,False,True,0
1616.3,17,RJ,poupança,99638194710,False,True,False,True,0
1272.0,9,BA,poupança,user2505@email.com,False,False,False,False,0
835.46,15,SP,corrente,99638194710,True,False,False,False,1
1728.83,16,MG,corrente,86281025445,True,False,False,False,1
1431.14,20,MG,salário,86281025445,False,False,False,False,0
1518.14,7,RS,corrente,user2505@email.com,False,True,False,True,0
521.82,11,MG,corrente,user2505@email.com,True,False,False,False,1
1397.7,9,RS,salário,+5511941273847,False,False,False,False,0
1923.35,14,MG,salário,99638194710,True,False,False,False,1
1502.12,8,MG,corrente,99638194710,True,False,False,False,1
1802.25,2,PR,corrente,99638194710,False,True,True,True,1
2965.63,16,BA,poupança,86281025445,False,False,False,False,1
33.19,13,PR,salário,user2505@email.com,True,False,False,False,1
381.75,15,BA,corrente,99638194710,False,True,False,True,0
1744.65,14,MG,poupança,55522120872,True,False,False,False,1
592.1,3,RS,corrente,99638194710,True,False,True,True,1
1694.24,14,RJ,poupança,+5511941273847,True,True,False,True,1
1391.78,2,RS,poupança,user2505@email.com,False,True,True,True,1
1572.08,12,SP,poupança,+5511941273847,True,True,False,True,1
1272.61,6,BA,poupança,user2505@email.com,False,False,True,True,1
359.77,21,SP,corrente,+5511941273847,True,False,False,False,1
177.54,7,BA,corrente,86281025445,True,False,False,False,1
1591.34,2,RJ,poupança,86281025445,True,False,True,True,1
168.8,7,PR,poupança,99638194710,False,False,False,False,0
2611.28,4,PR,poupança,99638194710,False,False,True,True,1
1991.91,14,PR,corrente,user2505@email.com,False,True,False,True,0
1845.66,19,BA,salário,99638194710,False,False,False,False,0
2716.88,23,RS,salário,+5511941273847,False,True,False,True,1
1458.31,16,MG,corrente,user2505@email.com,False,True,False,True,0
78.69,6,RJ,corrente,99638194710,True,False,True,True,1
2534.47,4,RJ,poupança,+5511941273847,False,False,True,True,1
571.43,1,SP,poupança,+5511941273847,True,True,True,True,1
2875.95,4,SP,salário,55522120872,True,True,True,True,1
1623.85,4,MG,poupança,+5511941273847,False,False,True,True,1
2452.69,13,RS,corrente,86281025445,False,False,False,False,1
1796.7,4,SP,salário,user2505@email.com,False,True,True,True,1
2902.65,17,PR,salário,99638194710,False,True,False,True,1
1788.47,19,PR,salário,user2505@email.com,True,False,False,False,1
2940.34,17,PR,poupança,99638194710,True,True,False,True,1
2261.02,22,RJ,poupança,+5511941273847,True,True,False,True,1
2843.5,12,RJ,poupança,55522120872,True,True,False,True,1
2995.15,18,SP,poupança,+5511941273847,True,False,False,False,1
457.61,21,MG,corrente,55522120872,False,True,False,True,0
2077.33,17,BA,corrente,+5511941273847,True,False,False,False,1
1012.05,9,BA,poupança,user2505@email.com,True,True,False,True,1
2692.02,1,RJ,salário,user2505@email.com,False,False,True,True,1
165.33,23,PR,salário,+5511941273847,True,True,False,True,1
1675.17,5,RS,corrente,86281025445,True,True,True,True,1
912.6,12,BA,corrente,55522120872,False,False,False,False,0
2059.94,16,PR,corrente,86281025445,False,False,False,False,1
1008.53,19,RS,salário,86281025445,False,True,False,True,0
1207.94,3,SP,corrente,55522120872,False,True,True,True,1
2366.0,3,PR,salário,55522120872,True,True,True,True,1
195.66,5,RS,salário,user2505@email.com,True,True,True,True,1
1566.43,18,MG,corrente,99638194710,True,False,False,False,1
908.23,21,RS,salário,86281025445,False,True,False,True,0
165.31,7,SP,corrente,55522120872,True,False,False,False,1
2768.74,20,MG,poupança,+5511941273847,False,False,False,False,1
61.22,9,PR,salário,55522120872,True,True,False,True,1
2728.49,13,MG,poupança,55522120872,False,False,False,False,1
1778.61,7,SP,poupança,+5511941273847,False,True,False,True,0
654.05,16,RJ,poupança,user2505@email.com,False,False,False,False,0
1577.79,12,RS,salário,99638194710,False,True,False,True,0
1046.88,0,RJ,poupança,86281025445,True,True,True,True,1
1173.3,8,BA,salário,86281025445,True,False,False,False,1
2205.15,18,MG,salário,55522120872,False,True,False,True,1
489.13,13,PR,poupança,86281025445,False,False,False,False,0
1673.23,7,MG,corrente,55522120872,False,True,False,True,0
1746.61,7,PR,corrente,user2505@email.com,True,False,False,False,1
1354.11,22,MG,corrente,55522120872,False,False,False,False,0
1603.76,14,MG,salário,user2505@email.com,True,True,False,True,1
53.73,13,SP,corrente,55522120872,True,False,False,False,1
2960.08,14,SP,poupança,99638194710,False,False,False,False,1
295.76,20,SP,corrente,55522120872,False,False,False,False,0
1846.56,9,BA,salário,99638194710,True,True,False,True,1
588.35,6,PR,corrente,+5511941273847,True,True,True,True,1
2310.42,21,PR,corrente,99638194710,True,True,False,True,1
653.33,21,PR,corrente,user2505@email.com,True,False,False,False,1
2809.69,19,SP,poupança,55522120872,False,False,False,False,1
1602.22,16,PR,salário,55522120872,True,True,False,True,1
25.69,5,SP,poupança,86281025445,True,True,True,True,1
1720.89,16,RJ,corrente,55522120872,True,True,False,True,1
2897.22,7,PR,corrente,user2505@email.com,False,False,False,False,1
2962.39,10,PR,poupança,86281025445,False,True,False,True,1
2370.06,2,RJ,salário,user2505@email.com,False,False,True,True,1
1469.32,3,MG,corrente,55522120872,False,False,True,True,1
912.38,15,RS,salário,86281025445,False,False,False,False,0
1202.01,4,MG,salário,+5511941273847,True,True,True,True,1
675.86,16,RJ,poupança,55522120872,False,False,False,False,0
2018.96,5,MG,poupança,86281025445,False,True,True,True,1
1037.19,23,SP,salário,+5511941273847,False,True,False,True,0
1683.01,23,RJ,poupança,86281025445,False,False,False,False,0
732.33,20,RJ,poupança,user2505@email.com,True,True,False,True,1
795.92,6,SP,poupança,99638194710,False,False,True,True,1
1462.52,16,SP,poupança,55522120872,False,False,False,False,0
1905.59,10,SP,poupança,99638194710,False,False,False,False,0
773.41,14,SP,salário,+5511941273847,True,True,False,True,1
2776.84,3,MG,salário,user2505@email.com,True,False,True,True,1
379.49,3,SP,poupança,86281025445,True,True,True,True,1
2359.36,15,BA,corrente,55522120872,True,False,False,False,1
284.89,0,RS,salário,55522120872,True,False,True,True,1
448.01,7,BA,corrente,99638194710,False,True,False,True,0
1002.88,13,RS,poupança,86281025445,False,False,False,False,0
2712.61,7,RS,corrente,99638194710,True,True,False,True,1
2417.1,8,BA,corrente,55522120872,False,False,False,False,1
1438.79,17,RS,salário,86281025445,False,True,False,True,0
396.88,21,SP,salário,86281025445,True,True,False,True,1
1400.78,6,MG,poupança,55522120872,False,True,True,True,1
1509.91,22,RJ,salário,86281025445,True,True,False,True,1
232.8,7,MG,salário,99638194710,True,True,False,True,1
1919.14,0,SP,poupança,86281025445,False,True,True,True,1
2408.06,23,RJ,corrente,99638194710,False,False,False,False,1
2817.89,20,BA,corrente,86281025445,True,True,False,True,1
1941.43,11,RS,poupança,86281025445,True,True,False,True,1
1787.35,9,RS,salário,99638194710,False,False,False,False,0
552.42,3,PR,salário,+5511941273847,True,False,True,True,1
1953.11,8,RS,salário,99638194710,False,True,False,True,0
1209.41,20,RJ,corrente,99638194710,True,False,False,False,1
2798.43,13,RJ,corrente,86281025445,True,True,False,True,1
2285.28,20,BA,salário,99638194710,False,False,False,False,1
1137.11,1,BA,corrente,+5511941273847,True,True,True,True,1
2698.38,18,MG,poupança,user2505@email.com,True,False,False,False,1
100.39,18,BA,corrente,55522120872,False,True,False,True,0
998.61,11,SP,poupança,55522120872,False,True,False,True,0
1755.82,3,RJ,corrente,55522120872,False,False,True,True,1
1610.5,5,BA,salário,+5511941273847,True,True,True,True,1
118.63,4,MG,salário,55522120872,False,True,True,True,1
57.24,23,RJ,salário,86281025445,False,False,False,False,0
2861.28,17,RS,salário,55522120872,True,True,False,True,1
2684.51,19,BA,corrente,55522120872,True,False,False,False,1
293.4,14,RJ,poupança,99638194710,False,False,False,False,0
1729.12,20,RS,poupança,99638194710,True,True,False,True,1
2644.58,13,PR,salário,user2505@email.com,True,False,False,False,1
1063.82,2,RS,poupança,user2505@email.com,True,True,True,True,1
1044.18,5,RS,poupança,+5511941273847,False,False,True,True,1
1035.95,19,MG,poupança,99638194710,True,True,False,True,1
1274.76,11,RJ,corrente,user2505@email.com,False,True,False,True,0
11.28,0,RJ,salário,user2505@email.com,False,True,True,True,1
1097.97,20,PR,corrente,+5511941273847,True,False,False,False,1
2276.04,6,BA,salário,+5511941273847,False,False,True,True,1
1185.83,5,BA,corrente,55522120872,True,False,True,True,1
1862.21,23,PR,salário,+5511941273847,False,False,False,False,0
2926.35,15,RS,poupança,86281025445,False,False,False,False,1
1759.14,18,BA,poupança,86281025445,False,False,False,False,0
1276.45,5,PR,corrente,+5511941273847,True,False,True,True,1
82.81,23,SP,salário,user2505@email.com,True,True,False,True,1
1848.45,8,PR,salário,55522120872,True,False,False,False,1
2864.56,15,RS,corrente,user2505@email.com,True,True,False,True,1
648.49,18,BA,corrente,99638194710,False,True,False,True,0
2850.04,15,PR,salário,user2505@email.com,False,True,False,True,1
324.69,16,RJ,salário,+5511941273847,True,True,False,True,1
58.73,18,BA,corrente,86281025445,False,False,False,False,0
1032.13,16,BA,corrente,+5511941273847,False,False,False,False,0
2220.86,5,MG,salário,99638194710,True,False,True,True,1
1461.54,19,PR,poupança,user2505@email.com,True,True,False,True,1
2007.09,18,MG,poupança,86281025445,True,True,False,True,1
2233.81,22,MG,corrente,99638194710,False,True,False,True,1
2328.43,4,MG,corrente,55522120872,False,True,True,True,1
2132.79,4,BA,corrente,+5511941273847,True,True,True,True,1
890.31,15,BA,poupança,55522120872,False,True,False,True,0
1224.99,18,SP,corrente,user2505@email.com,True,False,False,False,1
983.39,18,PR,poupança,99638194710,True,False,False,False,1
1304.57,2,SP,corrente,99638194710,False,False,True,True,1
2023.86,20,RJ,poupança,99638194710,True,False,False,False,1
1366.15,19,MG,corrente,55522120872,True,True,False,True,1
1048.92,17,RJ,poupança,99638194710,False,False,False,False,0
2683.14,7,PR,corrente,99638194710,True,False,False,False,1
2835.27,21,MG,poupança,user2505@email.com,True,False,False,False,1
483.89,6,SP,corrente,+5511941273847,False,True,True,True,1
2824.1,3,BA,poupança,user2505@email.com,True,False,True,True,1
212.52,16,PR,poupança,+5511941273847,False,True,False,True,0
2971.76,18,BA,poupança,+5511941273847,False,False,False,False,1
2935.61,19,BA,corrente,86281025445,True,True,False,True,1
1780.47,23,RJ,corrente,99638194710,True,False,False,False,1
2746.79,6,BA,poupança,+5511941273847,True,False,True,True,1
2178.82,4,SP,poupança,+5511941273847,False,False,True,True,1
1410.27,10,RJ,salário,55522120872,False,False,False,False,0
404.01,7,MG,corrente,user2505@email.com,True,True,False,True,1
1562.66,23,SP,poupança,86281025445,False,False,False,False,0
2109.51,23,MG,salário,86281025445,False,False,False,False,1
974.63,12,RJ,salário,user2505@email.com,True,True,False,True,1
2751.72,22,MG,corrente,+5511941273847,True,False,False,False,1
1381.94,14,BA,corrente,99638194710,True,True,False,True,1
2565.18,16,RJ,salário,55522120872,False,True,False,True,1
2999.15,16,MG,poupança,user2505@email.com,True,False,False,False,1
459.99,0,MG,salário,+5511941273847,True,False,True,True,1
613.23,15,PR,salário,user2505@email.com,True,True,False,True,1
1447.05,0,SP,salário,user2505@email.com,False,False,True,True,1
1161.46,22,RS,salário,+5511941273847,False,False,False,False,0
2913.86,13,RJ,salário,+5511941273847,False,False,False,False,1
1307.82,14,RJ,poupança,+5511941273847,True,False,False,False,1
1452.54,1,MG,corrente,+5511941273847,False,True,True,True,1
1833.7,22,RJ,poupança,55522120872,True,False,False,False,1
1265.81,22,RJ,poupança,99638194710,False,False,False,False,0
1007.35,6,BA,corrente,55522120872,False,True,True,True,1
2161.47,23,BA,poupança,86281025445,False,False,False,False,1
1894.98,11,PR,poupança,86281025445,True,False,False,False,1
1942.52,11,MG,corrente,user2505@email.com,False,True,False,True,0
1863.16,8,PR,poupança,99638194710,False,True,False,True,0
951.81,8,PR,corrente,+5511941273847,True,True,False,True,1
1860.78,5,RJ,corrente,+5511941273847,False,True,True,True,1
305.98,18,PR,salário,55522120872,True,True,False,True,1
1593.23,19,RS,salário,86281025445,False,False,False,False,0
1950.62,9,SP,corrente,86281025445,False,False,False,False,0
1083.5,10,PR,corrente,+5511941273847,True,True,False,True,1
590.36,14,RS,poupança,+5511941273847,True,False,False,False,1
2855.9,5,SP,poupança,86281025445,True,False,True,True,1
2412.49,14,PR,poupança,user2505@email.com,False,True,False,True,1
51.23,4,PR,salário,user2505@email.com,True,False,True,True,1
485.61,19,MG,salário,55522120872,False,False,False,False,0
947.11,17,SP,corrente,+5511941273847,True,True,False,True,1
2516.06,7,RS,salário,+5511941273847,True,True,False,True,1
1822.53,21,RJ,corrente,86281025445,False,True,False,True,0
2459.07,8,BA,corrente,55522120872,True,False,False,False,1
1053.4,1,MG,salário,86281025445,False,False,True,True,1
853.31,1,PR,salário,86281025445,True,False,True,True,1
2833.28,15,MG,salário,55522120872,False,False,False,False,1
2397.43,9,RS,salário,55522120872,True,True,False,True,1
2688.08,2,MG,salário,99638194710,False,True,True,True,1
1524.02,18,BA,poupança,55522120872,False,True,False,True,0
301.67,3,RJ,corrente,55522120872,False,False,True,True,1
2215.94,8,SP,corrente,99638194710,False,True,False,True,1
609.38,17,BA,poupança,user2505@email.com,False,False,False,False,0
2725.21,18,PR,corrente,user2505@email.com,True,False,False,False,1
323.33,2,PR,corrente,99638194710,False,True,True,True,1
2759.0,6,BA,corrente,86281025445,False,False,True,True,1
2045.36,11,RS,poupança,86281025445,True,False,False,False,1
754.34,20,PR,poupança,86281025445,False,True,False,True,0
2351.3,4,RS,salário,99638194710,False,False,True,True,1
2047.52,15,SP,salário,user2505@email.com,False,True,False,True,1
2756.16,20,SP,poupança,55522120872,True,False,False,False,1
1159.28,14,SP,corrente,86281025445,True,True,False,True,1
2591.56,9,PR,corrente,86281025445,False,False,False,False,1
574.35,15,RS,salário,86281025445,False,False,False,False,0
2722.22,13,PR,salário,55522120872,False,True,False,True,1
2709.31,5,RJ,salário,user2505@email.com,False,False,True,True,1
62.46,18,BA,salário,+5511941273847,True,False,False,False,1
2651.39,20,RS,poupança,99638194710,True,False,False,False,1
626.5,20,PR,poupança,86281025445,False,False,False,False,0
2263.98,9,PR,corrente,86281025445,True,True,False,True,1
508.74,7,MG,salário,55522120872,False,True,False,True,0
2575.58,20,BA,poupança,55522120872,True,False,False,False,1
2931.68,1,BA,salário,86281025445,False,True,True,True,1
1785.81,4,RJ,poupança,+5511941273847,True,False,True,True,1
694.0,3,RS,poupança,55522120872,True,True,True,True,1
647.6,13,SP,poupança,+5511941273847,True,True,False,True,1
2656.22,15,PR,salário,99638194710,False,False,False,False,1
182.06,23,RJ,poupança,86281025445,False,False,False,False,0
2519.74,8,RJ,corrente,user2505@email.com,True,True,False,True,1
576.01,7,RJ,corrente,55522120872,False,True,False,True,0
2011.5,5,RJ,poupança,86281025445,True,True,True,True,1
74.45,15,MG,salário,+5511941273847,False,False,False,False,0
929.5,9,PR,poupança,user2505@email.com,True,True,False,True,1
481.66,21,SP,poupança,99638194710,True,False,False,False,1
2364.6,7,SP,corrente,user2505@email.com,True,False,False,False,1
440.25,17,BA,corrente,99638194710,True,True,False,True,1
2711.47,14,MG,corrente,55522120872,False,True,False,True,1
2747.59,7,RJ,corrente,+5511941273847,False,True,False,True,1
2952.7,20,RJ,poupança,user2505@email.com,True,True,False,True,1
984.66,2,PR,poupança,user2505@email.com,False,False,True,True,1
1822.77,0,BA,poupança,86281025445,False,True,True,True,1
1320.1,19,RJ,salário,55522120872,False,False,False,False,0
2201.84,23,PR,corrente,55522120872,False,False,False,False,1
1681.58,19,SP,poupança,86281025445,False,True,False,True,0
2899.01,18,MG,poupança,55522120872,False,False,False,False,1
2163.57,3,MG,salário,user2505@email.com,False,True,True,True,1
1822.96,1,SP,salário,user2505@email.com,True,False,True,True,1
2932.83,15,BA,salário,user2505@email.com,True,True,False,True,1
222.52,12,BA,poupança,55522120872,True,False,False,False,1
523.01,22,BA,salário,user2505@email.com,True,False,False,False,1
726.15,6,PR,poupança,86281025445,True,False,True,True,1
467.63,2,RS,poupança,user2505@email.com,False,False,True,True,1
2637.53,9,MG,salário,+5511941273847,False,True,False,True,1
1085.49,3,MG,poupança,86281025445,False,True,True,True,1
656.59,13,MG,salário,86281025445,False,True,False,True,0
27.43,4,SP,corrente,user2505@email.com,False,False,True,True,1
1744.1,22,PR,poupança,86281025445,False,False,False,False,0
1100.96,3,SP,salário,55522120872,False,False,True,True,1
1837.98,3,MG,poupança,55522120872,True,False,True,True,1
1227.08,2,MG,salário,55522120872,True,False,True,True,1
2946.49,10,MG,corrente,55522120872,True,False,False,False,1
1490.2,14,MG,corrente,user2505@email.com,True,False,False,False,1
1544.61,6,RJ,corrente,55522120872,False,True,True,True,1
831.0,20,RS,poupança,user2505@email.com,False,True,False,True,0
279.93,8,MG,corrente,99638194710,True,False,False,False,1
2116.69,4,BA,poupança,55522120872,False,True,True,True,1
2839.79,12,RJ,salário,99638194710,False,True,False,True,1
2504.37,9,PR,poupança,86281025445,True,False,False,False,1
1883.0,22,BA,salário,+5511941273847,False,False,False,False,0
1086.04,17,BA,salário,86281025445,True,True,False,True,1
552.89,21,MG,poupança,99638194710,True,False,False,False,1
968.95,1,SP,corrente,86281025445,True,False,True,True,1
2687.03,17,SP,poupança,user2505@email.com,True,False,False,False,1
1268.53,13,PR,poupança,86281025445,False,True,False,True,0
1906.98,2,RJ,poupança,99638194710,True,False,True,True,1
2830.43,21,RJ,corrente,+5511941273847,True,False,False,False,1
470.85,8,RS,poupança,55522120872,False,False,False,False,0
1820.04,11,MG,poupança,86281025445,True,True,False,True,1
1116.78,22,SP,poupança,user2505@email.com,True,True,False,True,1
2756.81,22,PR,corrente,99638194710,True,True,False,True,1
2744.62,18,RS,poupança,user2505@email.com,True,False,False,False,1
1651.75,21,RJ,salário,+5511941273847,False,False,False,False,0
1870.32,19,RJ,poupança,+5511941273847,True,True,False,True,1
840.11,5,PR,corrente,99638194710,False,False,True,True,1
2223.4,9,RS,poupança,+5511941273847,False,True,False,True,1
2398.41,16,RJ,corrente,user2505@email.com,True,False,False,False,1
2281.35,12,MG,corrente,user2505@email.com,True,True,False,True,1
1250.26,11,BA,salário,99638194710,False,False,False,False,0
19.62,3,RJ,poupança,99638194710,True,False,True,True,1
2898.18,7,BA,corrente,+5511941273847,True,True,False,True,1
2399.33,1,RS,corrente,99638194710,False,True,True,True,1
203.31,9,PR,salário,+5511941273847,False,False,False,False,0
10.06,20,SP,corrente,user2505@email.com,False,False,False,False,0
1309.48,19,PR,corrente,86281025445,False,True,False,True,0
810.62,4,SP,corrente,+5511941273847,False,False,True,True,1
2889.14,6,PR,corrente,+5511941273847,True,True,True,True,1
567.62,4,SP,salário,55522120872,False,False,True,True,1
2994.66,2,SP,corrente,86281025445,False,True,True,True,1
1907.47,2,RS,corrente,+5511941273847,True,False,True,True,1
356.19,22,SP,corrente,86281025445,True,True,False,True,1
1090.52,12,PR,poupança,55522120872,False,True,False,True,0
2977.84,11,RJ,poupança,+5511941273847,False,True,False,True,1
1523.86,3,MG,corrente,86281025445,False,False,True,True,1
2704.48,1,BA,corrente,55522120872,True,False,True,True,1
440.35,21,RJ,poupança,+5511941273847,True,True,False,True,1
989.99,12,SP,corrente,86281025445,True,False,False,False,1
103.28,23,RJ,poupança,86281025445,True,False,False,False,1
321.86,3,MG,corrente,55522120872,True,False,True,True,1
2983.0,6,SP,poupança,86281025445,False,False,True,True,1
1455.45,9,BA,salário,user2505@email.com,False,False,False,False,0
1084.48,21,PR,salário,+5511941273847,False,True,False,True,0
1802.06,1,BA,poupança,55522120872,True,False,True,True,1
746.22,0,MG,salário,99638194710,False,False,True,True,1
649.63,0,BA,poupança,+5511941273847,True,True,True,True,1
1125.61,2,MG,corrente,55522120872,False,True,True,True,1
522.74,20,SP,salário,86281025445,True,True,False,True,1
2342.24,3,MG,corrente,+5511941273847,False,True,True,True,1
503.5,3,SP,corrente,86281025445,False,True,True,True,1
521.33,12,RJ,corrente,99638194710,False,False,False,False,0
1512.15,0,RJ,poupança,+5511941273847,False,True,True,True,1
2490.26,2,RJ,corrente,55522120872,False,False,True,True,1
235.65,10,BA,poupança,55522120872,True,True,False,True,1
1250.54,19,PR,corrente,86281025445,True,False,False,False,1
2245.1,11,PR,salário,user2505@email.com,False,False,False,False,1
2238.89,9,MG,corrente,55522120872,True,True,False,True,1
2678.27,7,SP,salário,user2505@email.com,True,False,False,False,1
608.13,3,BA,corrente,86281025445,False,True,True,True,1
2839.01,15,RJ,poupança,user2505@email.com,True,False,False,False,1
1059.32,6,SP,salário,86281025445,False,True,True,True,1
47.93,15,SP,poupança,user2505@email.com,True,False,False,False,1
2547.57,18,PR,salário,55522120872,False,True,False,True,1
1410.54,5,BA,poupança,user2505@email.com,True,True,True,True,1
1227.4,1,PR,salário,55522120872,False,False,True,True,1
2098.94,23,PR,poupança,99638194710,True,False,False,False,1
2001.09,12,RS,corrente,user2505@email.com,True,False,False,False,1
2262.07,16,MG,corrente,86281025445,True,True,False,True,1
145.16,6,RJ,corrente,user2505@email.com,True,True,True,True,1
2858.77,17,SP,salário,86281025445,True,False,False,False,1
1658.76,23,RS,salário,user2505@email.com,False,True,False,True,0
1067.85,3,SP,salário,99638194710,False,False,True,True,1
2034.19,4,RS,salário,+5511941273847,False,False,True,True,1
300.01,7,RS,corrente,55522120872,False,False,False,False,0
2010.1,17,PR,poupança,86281025445,True,True,False,True,1
767.69,12,RS,salário,+5511941273847,False,False,False,False,0
751.94,22,PR,salário,55522120872,False,False,False,False,0
2866.03,7,MG,corrente,99638194710,True,True,False,True,1
2440.25,19,BA,salário,99638194710,True,True,False,True,1
1316.22,22,MG,poupança,user2505@email.com,False,True,False,True,0
1104.49,21,RJ,salário,55522120872,True,False,False,False,1
103.04,4,MG,salário,55522120872,False,True,True,True,1
2913.77,8,MG,corrente,86281025445,True,False,False,False,1
1848.51,9,RJ,corrente,86281025445,False,True,False,True,0
395.71,4,RS,salário,55522120872,True,True,True,True,1
2081.49,23,MG,salário,+5511941273847,True,False,False,False,1
11.13,13,BA,corrente,86281025445,False,False,False,False,0
850.04,16,RJ,salário,55522120872,False,False,False,False,0
1802.88,22,SP,salário,99638194710,False,False,False,False,0
881.41,11,MG,salário,+5511941273847,True,True,False,True,1
2457.85,10,PR,poupança,99638194710,False,True,False,True,1
1195.55,18,RJ,corrente,86281025445,True,False,False,False,1
2478.77,18,PR,corrente,+5511941273847,False,False,False,False,1
394.07,20,RS,salário,+5511941273847,True,True,False,True,1
2248.02,2,MG,corrente,99638194710,False,True,True,True,1
368.13,15,RS,poupança,86281025445,False,True,False,True,0
67.5,1,SP,salário,86281025445,True,False,True,True,1
1416.3,15,BA,salário,86281025445,True,True,False,True,1
344.89,18,SP,corrente,99638194710,False,False,False,False,0
953.79,21,BA,salário,user2505@email.com,True,True,False,True,1
2218.94,20,MG,poupança,99638194710,True,False,False,False,1
1448.14,7,BA,poupança,user2505@email.com,False,False,False,False,0
2893.1,19,RS,corrente,86281025445,False,False,False,False,1
228.32,8,PR,salário,86281025445,False,True,False,True,0
1527.87,7,SP,salário,86281025445,False,True,False,True,0
2841.59,14,BA,salário,user2505@email.com,False,True,False,True,1
345.82,23,RS,corrente,55522120872,False,True,False,True,0
1276.94,20,BA,salário,55522120872,True,True,False,True,1
383.75,1,RS,poupança,86281025445,True,False,True,True,1
1097.95,9,SP,salário,86281025445,False,False,False,False,0
376.09,4,MG,salário,+5511941273847,True,False,True,True,1
2536.98,16,RJ,salário,55522120872,True,False,False,False,1
2019.95,9,SP,salário,99638194710,False,False,False,False,1
218.95,22,RJ,salário,99638194710,False,True,False,True,0
206.65,16,RS,salário,user2505@email.com,True,False,False,False,1
312.32,21,RS,poupança,86281025445,True,True,False,True,1
1266.01,19,PR,salário,86281025445,True,False,False,False,1
1119.59,10,BA,corrente,55522120872,True,False,False,False,1
1066.24,10,MG,corrente,+5511941273847,True,True,False,True,1
1763.59,7,BA,poupança,55522120872,False,True,False,True,0
1186.66,3,MG,salário,99638194710,True,False,True,True,1
1426.01,2,PR,corrente,86281025445,True,False,True,True,1
2484.44,20,RS,salário,55522120872,False,False,False,False,1
842.15,12,RJ,salário,user2505@email.com,True,False,False,False,1
586.83,22,MG,corrente,user2505@email.com,True,False,False,False,1
206.94,4,PR,corrente,99638194710,True,False,True,True,1
1256.71,17,BA,corrente,+5511941273847,True,True,False,True,1
2430.96,4,RS,poupança,99638194710,False,False,True,True,1
1276.97,15,SP,poupança,user2505@email.com,True,False,False,False,1
1622.54,16,SP,salário,+5511941273847,True,False,False,False,1
1983.41,20,PR,corrente,user2505@email.com,False,False,False,False,0
1564.17,5,RJ,poupança,99638194710,False,True,True,True,1
345.74,13,MG,poupança,99638194710,False,True,False,True,0
2839.57,8,RS,poupança,user2505@email.com,False,True,False,True,1
919.1,22,RJ,poupança,86281025445,True,True,False,True,1
58.55,3,RS,salário,86281025445,False,True,True,True,1
1616.21,16,RS,poupança,+5511941273847,True,False,False,False,1
1563.08,3,SP,corrente,55522120872,True,True,True,True,1
2028.31,19,RJ,corrente,99638194710,False,True,False,True,1
2863.57,0,BA,poupança,user2505@email.com,False,True,True,True,1
2343.39,5,RJ,corrente,user2505@email.com,False,True,True,True,1
2728.57,8,PR,poupança,55522120872,True,True,False,True,1
548.47,20,BA,poupança,user2505@email.com,True,False,False,False,1
1293.89,1,MG,salário,user2505@email.com,True,True,True,True,1
1227.09,3,RJ,poupança,86281025445,False,True,True,True,1
878.19,7,SP,corrente,86281025445,False,True,False,True,0
1162.8,23,BA,poupança,99638194710,False,False,False,False,0
2842.14,3,RJ,corrente,99638194710,False,True,True,True,1
1701.62,14,MG,corrente,user2505@email.com,True,False,False,False,1
2092.82,2,PR,salário,55522120872,True,False,True,True,1
2907.53,21,SP,salário,86281025445,False,True,False,True,1
634.87,18,PR,salário,user2505@email.com,False,False,False,False,0
1667.78,11,RS,corrente,99638194710,True,True,False,True,1
2197.28,8,PR,corrente,user2505@email.com,True,False,False,False,1
1218.6,5,PR,corrente,99638194710,True,False,True,True,1
1468.76,23,SP,poupança,+5511941273847,False,False,False,False,0
2406.88,14,BA,poupança,55522120872,True,True,False,True,1
2055.71,23,BA,corrente,55522120872,False,True,False,True,1
2911.93,10,PR,corrente,55522120872,False,True,False,True,1
961.64,1,SP,poupança,86281025445,True,False,True,True,1
473.2,15,MG,salário,+5511941273847,True,True,False,True,1
1344.02,9,RS,poupança,99638194710,False,False,False,False,0
2941.22,15,RS,corrente,55522120872,False,False,False,False,1
1728.34,21,BA,poupança,86281025445,True,True,False,True,1
976.02,1,RJ,corrente,+5511941273847,True,True,True,True,1
2420.22,0,PR,salário,user2505@email.com,True,True,True,True,1
2960.21,6,RS,poupança,+5511941273847,True,False,True,True,1
1501.13,9,RS,poupança,55522120872,True,False,False,False,1
947.39,4,RJ,poupança,+5511941273847,True,True,True,True,1
1794.26,7,BA,poupança,+5511941273847,False,True,False,True,0
2806.35,14,SP,corrente,55522120872,True,False,False,False,1
384.83,16,SP,corrente,user2505@email.com,False,False,False,False,0
57.8,13,SP,corrente,user2505@email.com,False,False,False,False,0
1348.78,16,BA,poupança,86281025445,False,False,False,False,0
2875.84,2,RJ,poupança,user2505@email.com,False,True,True,True,1
46.0,11,RS,corrente,55522120872,True,True,False,True,1
271.86,5,RJ,corrente,+5511941273847,False,False,True,True,1
1393.67,2,BA,poupança,user2505@email.com,True,True,True,True,1
906.92,8,MG,poupança,99638194710,True,False,False,False,1
721.89,15,PR,poupança,user2505@email.com,True,True,False,True,1
2083.15,20,MG,salário,86281025445,True,False,False,False,1
1510.3,15,PR,salário,55522120872,False,True,False,True,0
1217.96,14,RJ,salário,+5511941273847,True,False,False,False,1
388.81,18,RJ,salário,user2505@email.com,True,True,False,True,1
800.15,7,MG,corrente,user2505@email.com,False,True,False,True,0
1779.51,6,MG,corrente,99638194710,False,False,True,True,1
1148.7,9,BA,salário,86281025445,False,False,False,False,0
2925.82,8,PR,poupança,99638194710,False,True,False,True,1
2780.39,21,MG,salário,86281025445,False,False,False,False,1
2951.51,22,BA,corrente,99638194710,False,False,False,False,1
1661.98,22,RJ,salário,55522120872,False,True,False,True,0
430.84,11,SP,salário,99638194710,False,False,False,False,0
2878.89,11,BA,salário,99638194710,False,False,False,False,1
1231.38,16,PR,salário,99638194710,True,True,False,True,1
2277.31,9,BA,corrente,99638194710,True,False,False,False,1
1902.63,9,BA,poupança,86281025445,True,False,False,False,1
1997.78,9,RS,corrente,99638194710,True,True,False,True,1
1367.24,22,RJ,salário,user2505@email.com,False,True,False,True,0
248.57,5,RJ,poupança,55522120872,False,False,True,True,1
2176.59,4,PR,poupança,99638194710,True,True,True,True,1
364.22,19,PR,corrente,+5511941273847,False,False,False,False,0
1494.08,18,PR,poupança,user2505@email.com,False,False,False,False,0
2311.64,13,MG,corrente,86281025445,False,False,False,False,1
415.79,9,SP,salário,user2505@email.com,False,False,False,False,0
644.85,20,RS,corrente,+5511941273847,False,False,False,False,0
1660.72,8,MG,corrente,user2505@email.com,True,True,False,True,1
1334.05,18,PR,salário,99638194710,True,False,False,False,1
644.57,9,PR,corrente,user2505@email.com,False,True,False,True,0
1507.57,23,SP,corrente,86281025445,False,True,False,True,0
1247.46,13,MG,salário,86281025445,False,True,False,True,0
201.94,21,BA,corrente,+5511941273847,False,False,False,False,0
2480.93,11,BA,poupança,86281025445,True,True,False,True,1
2733.31,18,RS,salário,user2505@email.com,True,True,False,True,1
2303.8,13,RJ,corrente,86281025445,False,True,False,True,1
2890.84,6,SP,poupança,99638194710,False,True,True,True,1
2271.52,6,RS,salário,+5511941273847,True,True,True,True,1
1152.26,8,SP,poupança,user2505@email.com,True,True,False,True,1
2884.41,6,PR,salário,86281025445,True,False,True,True,1
1993.53,14,RJ,salário,+5511941273847,True,False,False,False,1
1008.81,16,MG,salário,86281025445,True,False,False,False,1
1168.06,5,PR,corrente,+5511941273847,True,False,True,True,1
1913.15,2,MG,corrente,99638194710,True,False,True,True,1
715.61,22,BA,poupança,+5511941273847,True,True,False,True,1
230.41,3,RJ,poupança,55522120872,False,False,True,True,1
2634.45,23,BA,corrente,86281025445,True,True,False,True,1
1485.39,1,BA,salário,user2505@email.com,False,True,True,True,1
2905.12,1,BA,poupança,user2505@email.com,False,False,True,True,1
2673.96,6,RJ,poupança,user2505@email.com,True,False,True,True,1
262.8,12,MG,poupança,+5511941273847,True,True,False,True,1
495.83,3,SP,corrente,86281025445,True,False,True,True,1
943.38,18,SP,poupança,user2505@email.com,True,True,False,True,1
2125.59,12,PR,poupança,+5511941273847,True,True,False,True,1
353.62,9,RJ,salário,55522120872,True,False,False,False,1
151.54,3,BA,corrente,99638194710,False,True,True,True,1
1884.13,1,MG,salário,99638194710,True,True,True,True,1
1010.18,8,PR,poupança,99638194710,True,False,False,False,1
2119.9,10,PR,corrente,86281025445,True,True,False,True,1
308.36,11,RJ,salário,86281025445,True,True,False,True,1
1487.6,10,SP,poupança,+5511941273847,True,True,False,True,1
1379.21,18,RS,salário,55522120872,True,False,False,False,1
49.1,6,SP,salário,55522120872,False,True,True,True,1
2132.99,22,PR,corrente,86281025445,True,True,False,True,1
1715.34,4,PR,corrente,86281025445,True,True,True,True,1
2032.43,9,RS,corrente,user2505@email.com,False,True,False,True,1
681.1,8,RS,salário,86281025445,False,False,False,False,0
2713.62,12,RJ,corrente,user2505@email.com,True,False,False,False,1
2284.71,21,RJ,corrente,55522120872,True,True,False,True,1
2012.03,10,PR,corrente,55522120872,False,False,False,False,1
1563.89,0,RJ,poupança,99638194710,False,True,True,True,1
1977.81,0,BA,salário,86281025445,False,False,True,True,1
2384.9,8,RS,corrente,user2505@email.com,False,False,False,False,1
1454.66,10,MG,corrente,86281025445,True,True,False,True,1
2843.37,16,RJ,corrente,user2505@email.com,False,False,False,False,1
260.9,16,RJ,salário,user2505@email.com,True,False,False,False,1
2453.44,8,RS,poupança,user2505@email.com,False,True,False,True,1
223.29,3,PR,salário,86281025445,False,False,True,True,1
723.2,18,SP,corrente,user2505@email.com,True,False,False,False,1
214.36,20,MG,poupança,user2505@email.com,True,False,False,False,1
2864.51,7,MG,poupança,86281025445,True,False,False,False,1
2492.85,8,MG,salário,+5511941273847,False,False,False,False,1
2209.86,5,RJ,corrente,86281025445,False,False,True,True,1
2595.78,1,MG,poupança,86281025445,False,False,True,True,1
2689.56,23,RS,corrente,+5511941273847,False,False,False,False,1
1598.24,2,RJ,salário,user2505@email.com,True,True,True,True,1
2043.38,17,RJ,corrente,86281025445,True,True,False,True,1
1693.83,3,PR,poupança,+5511941273847,True,True,True,True,1
125.6,22,MG,poupança,99638194710,False,False,False,False,0
436.5,7,BA,poupança,user2505@email.com,True,True,False,True,1
1313.68,4,RJ,poupança,55522120872,True,False,True,True,1
1356.91,19,RS,poupança,user2505@email.com,False,False,False,False,0
2663.34,16,BA,salário,+5511941273847,False,False,False,False,1
761.32,3,RJ,salário,99638194710,False,False,True,True,1
652.06,15,MG,corrente,+5511941273847,False,False,False,False,0
925.73,23,RJ,corrente,86281025445,True,True,False,True,1
1054.58,9,BA,salário,99638194710,True,False,False,False,1
1156.07,16,BA,corrente,86281025445,True,True,False,True,1
2491.43,8,RJ,poupança,55522120872,False,False,False,False,1
686.59,1,SP,salário,55522120872,False,False,True,True,1
2698.58,4,RS,salário,55522120872,False,False,True,True,1
1632.04,11,PR,poupança,+5511941273847,True,True,False,True,1
640.82,5,PR,corrente,+5511941273847,False,False,True,True,1
2453.73,9,RJ,poupança,55522120872,False,False,False,False,1
231.01,11,PR,corrente,55522120872,False,True,False,True,0
2070.55,2,SP,corrente,55522120872,False,False,True,True,1
1740.25,21,BA,salário,55522120872,False,False,False,False,0
1134.26,3,RJ,poupança,99638194710,True,True,True,True,1
125.42,8,RJ,salário,86281025445,False,True,False,True,0
